{
  "format_version": "1.8.0",
  "minecraft:entity": {
    "description": {
      "identifier": "jvsm:chsz",
      "is_spawnable": false,
      "is_summonable": true,
      "is_experimental": false,
	  "scripts": {
	    "animate": [ "walk" ]
	  },
	  "animations": {
	    "walk": "controller.animation.poke_function"
    }
  },
	"components": {
	  "minecraft:type_family": {
	    "family": [ "despawncito" ]
	  },
	  "minecraft:despawn": {
	    "filters": {
		  "all_of": [
		    { "test": "is_family", "subject": "self", "value": "despawncito" }
		  ]
		 }
	  },
	  "minecraft:health": {
	    "value": 1
	  },
	  "minecraft:physics": {
     }
 	 }
  }
}