{
  "format_version": "1.10.0",
  "minecraft:block": {
    "description": {
      "identifier": "jvsm:pidtopb",
      "is_experimental": false,
      "register_to_creative_menu": true
    },
    "components": {
      "minecraft:loot": {
        "table": "loot_tables/ppb.json"
      },
      "minecraft:destroy_time": {
        "value": 3.0
      },
      "minecraft:explosion_resistance": {
        "value": 45.0
      },
       "minecraft:map_color": {
        "color": "#6e5341"
      }
    }
  }
}