{
  "format_version": "1.10.0",
  "minecraft:block": {
    "description": {
      "identifier": "jvsm:p9",
      "is_experimental": false,
      "register_to_creative_menu": true
    },
    "components": {
      "minecraft:loot": {
        "table": "loot_tables/pc.json"
      },
      "minecraft:destroy_time": {
        "value": 998000.0
      },
      "minecraft:explosion_resistance": {
        "value": 4500.0
      },
       "minecraft:map_color": {
        "color": "#6e5341"
      }
    }
  }
}