{
	"format_version": "1.8.0",
	"minecraft:entity": {
		"description": {
			"identifier": "jvsm:stone",
			"is_spawnable": false,
			"is_summonable": false,
			"is_experimental": false,				"runtime_identifier": "minecraft:egg"
		},

		"component_groups": {
			"minecraft:exploding": {
				"minecraft:explode": {
					"fuseLength": 0,
					"fuseLit": true,
					"power": 3.5,
		
     "destroyAffectedByGriefing": true,
					"causesFire": false
				}
			}
		},


		"components": {
			"minecraft:type_family": {
				"family": ["snowball"]
			},
			"minecraft:collision_box": {
				"width": 1,
				"height": 1
			},
			"minecraft:projectile": {

				"onHit": {
					"impact_damage": {
						"damage": 4,
						"knockback": true,
						"semirandomdiffdamage": false,
						"destroyonhit": false
					},
					"definition_event": {
						"affectProjectile": true,
						"eventTrigger": {
							"event": "minecraft:explode",
							"target": "self"
						}
					}
				},

				"power": 10.5,
				"gravity": 0.1,
				"inertia": 1,
				"uncertaintyBase": 1,
				"uncertaintyMultiplier": 2,
				"anchor": 1,
				"offset": [0, -0.1, 0],
				"reflectOnHurt": true,
				"catchFire": false
			},
			"minecraft:physics": {}
		},
		"events": {
			"minecraft:explode": {
				"add": {
					"component_groups": [
						"minecraft:exploding"
					]
				}
			}
		}
	}
}