{
	"format_version": "1.8.0",
	"minecraft:entity": {
		"description": {
			"identifier": "jvsm:tm",
			"is_spawnable": false,
			"is_summonable": true,
			"is_experimental": false
		},

		"component_groups": {
			"normal": {
				"minecraft:variant": {
		          "value": 0
				},
				"minecraft:loot": {
					"table": "loot_tables/entities/mcd.json"
				},
				"minecraft:behavior.melee_attack": {
					"priority": 1,
					"speed_multiplier": 1.2,
					"track_target": false,
					"reach_multiplier": 1.5
				},
				"minecraft:health": {
					"value": 99999,
					"max": 99999
				},
				"minecraft:movement": {
					"value": 0
				},
				"minecraft:interact": [{
						"on_interact": {
							"filters": {
								"other_with_item": "jvsm:mewpb"
							},
							"event": "capturar",
							"target": "self"
						},
						"use_item": true,
						"play_sounds": "shear",
						"interact_text": "equip"
					},
					{
						"on_interact": {
							"filters": {
								"other_with_item": "jvsm:mew_pokeball"
							},
							"event": "atacar",
							"target": "self"
						},
						"use_item": true,
						"play_sounds": "shear",
						"interact_text": "equip"
					}
				]
			},
			"capturar": {
			    "minecraft:variant": {
		          "value": 1
              },
			   "minecraft:breathable": {
                "totalSupply": 15,
                "suffocateTime": 0
             },
             "minecraft:collision_box": {
               "width": 0.6,
               "height": 1.8
                },
				"minecraft:scale":{
					"value":1.5
				},
				"minecraft:loot": {
					"table": "loot_tables/entities/mcd.json"
				},
				"minecraft:behavior.melee_attack": {
					"priority": 1,
					"speed_multiplier": 1,
					"track_target": false,
					"reach_multiplier": 1.5
				},
				"minecraft:attack": {
					"damage": 7
				},
				"minecraft:health": {
					"value": 1,
					"max": 1
				},
				"minecraft:movement": {
					"value": 0
				}
			},
			"atacar": {
				"minecraft:variant": {
		          "value": 2
			    },
			   "minecraft:behavior.nearest_attackable_target": {
				    "priority": 0,
				    "within_radius": 16,
				    "entity_types": [{
					     "filters": {
						     "any_of": [{
								     "test": "is_family",
								     "subject": "other",
								     "value": "jerry"
								  }
						      ]
					      },
					      "max_dist": 16
				      }],
				      "must_see": false,
				      "reselect_targets": true
			    },
			    "minecraft:collision_box": {
                 "width": 0.6,
                 "height": 1.8
                },
			    "minecraft:scale":{
					"value":1.5
				},
				"minecraft:equipment": {
					"table": "loot_tables/entities/mcdt.json"
				  },
				"minecraft:loot": {
					"table": "loot_tables/entities/mcdt.json"
				},
				"minecraft:attack": {
					"damage": 7
				},
				"minecraft:health": {
					"value": 1,
					"max": 1
				}
			}
		},

		"components": {
			"minecraft:type_family": {
				"family": ["ta"]
			},
			"minecraft:behavior.find_mount": {
				"priority": 1,
				"within_radius": 20
			},
			"minecraft:attack": {
				"damage": 15
			},
			"minecraft:behavior.nearest_attackable_target": {
				"priority": 0,
				"within_radius": 16,
				"entity_types": [{
					"filters": {
						"any_of": [{
								"test": "is_family",
								"subject": "other",
								"value": "jy"
							},
							{
								"test": "is_family",
								"subject": "other",
								"value": "ignis_tsoldier"
							},
							{
								"test": "is_family",
								"subject": "other",
								"value": "harenae_tsoldier"
							}
						]
					},
					"max_dist": 16
				}],
				"must_see": false,
				"reselect_targets": true
			},
			"minecraft:breathable": {
				"totalSupply": 15,
				"suffocateTime": 0
			},
			"minecraft:navigation.walk": {
				"can_float": true,
				"avoid_damage_blocks": true
			},
			"minecraft:movement.basic": {},
			"minecraft:jump.static": {},
			"minecraft:can_climb": {},
			"minecraft:collision_box": {
				"width": 1,
				"height": 1
			},
			"minecraft:behavior.float": {
				"priority": 0
			},
			"minecraft:behavior.tempt": {
				"priority": 4,
				"speed_multiplier": 1.25,
				"items": [
					"gold_nugget"
				]
			},
			"minecraft:behavior.random_stroll": {
				"priority": 6,
				"speed_multiplier": 0.8
			},
			"minecraft:behavior.look_at_player": {
				"priority": 7,
				"look_distance": 6.0,
				"probability": 0.02
			},
			"minecraft:behavior.random_look_around": {
				"priority": 9
			},
			      "minecraft:physics": {
      }
		},

		"events": {
			"minecraft:entity_transformed": {
				"add": {
					"component_groups": [
						"normal"
					]
				}
			},
			"capturar": {
				"add": {
					"component_groups": [
						"capturar"
					]
				},
				"remove": {
					"component_groups": [
						"normal"
					]
				}
			},
			"atacar": {
				"add": {
					"component_groups": [
						"atacar"
					]
				},
				"remove": {
					"component_groups": [
						"normal"
					]
				}
			}
		}
	}
}