{
  "format_version": "1.8.0",
  "minecraft:entity": {
    "description": {
      "identifier": "jvsm:mew",
      "is_spawnable": true,
      "is_summonable": true,
      "is_experimental": false
    },
    "component_groups": {
      "minecraft:u": {
        "minecraft:tameable": {
          "probability": 0.28,
          "tameItems": "jvsm:up",
          "tame_event": {
            "event": "minecraft:on_tame",
            "target": "self"
          }
        },
		"minecraft:interact": [
		  {
		    "on_interact": {
			  "filters": {
			    "all_of": [
				  { "test": "has_equipment", "subject": "other", "domain": "hand", "value": "jvsm:map"},
                  { "test" :  "is_family", "subject" : "other", "value" :  "player"}
				]
			  },
			  "event": "minecraft:on_tame"
		    },
		    "use_item": true,
			"play_sounds": "chorusgrow",
			"interact_text": "Capturar"
		  },
		  {
		    "on_interact": {
			  "filters": {
			    "all_of": [
				  { "test": "has_equipment", "subject": "other", "domain": "hand", "value": "jvsm:pokeball"},
                  { "test" :  "is_family", "subject" : "other", "value" :  "player"}
				]
			  },
			  "event": "minecraft:p"
		    },
		    "use_item": false,
			"play_sounds": "chorusgrow",
			"interact_text": "Capturar"
		  },
		  {
		    "on_interact": {
			  "filters": {
			    "all_of": [
				  { "test": "has_equipment", "subject": "other", "domain": "hand", "value": "jvsm:greatball"},
                  { "test" :  "is_family", "subject" : "other", "value" :  "player"}
				]
			  },
			  "event": "minecraft:g"
		    },
		    "use_item": false,
			"play_sounds": "chorusgrow",
			"interact_text": "Capturar"
		  }
		]
      },
      "minecraft:g": {
        "minecraft:tameable": {
          "probability": 0.19,
          "tameItems": "jvsm:greatball",
          "tame_event": {
            "event": "minecraft:on_tame",
            "target": "self"
          }
        },
		"minecraft:interact": [
		  {
		    "on_interact": {
			  "filters": {
			    "all_of": [
				  { "test": "has_equipment", "subject": "other", "domain": "hand", "value": "jvsm:map"},
                  { "test" :  "is_family", "subject" : "other", "value" :  "player"}
				]
			  },
			  "event": "minecraft:on_tame"
		    },
		    "use_item": true,
			"play_sounds": "chorusgrow",
			"interact_text": "Capturar"
		  },
		  {
		    "on_interact": {
			  "filters": {
			    "all_of": [
				  { "test": "has_equipment", "subject": "other", "domain": "hand", "value": "jvsm:up"},
                  { "test" :  "is_family", "subject" : "other", "value" :  "player"}
				]
			  },
			  "event": "minecraft:u"
		    },
		    "use_item": false,
			"play_sounds": "chorusgrow",
			"interact_text": "Capturar"
		  },
		  {
		    "on_interact": {
			  "filters": {
			    "all_of": [
				  { "test": "has_equipment", "subject": "other", "domain": "hand", "value": "jvsm:pokeball"},
                  { "test" :  "is_family", "subject" : "other", "value" :  "player"}
				]
			  },
			  "event": "minecraft:p"
		    },
		    "use_item": false,
			"play_sounds": "chorusgrow",
			"interact_text": "Capturar"
		  }
		]
      },
      "var1": {
        "minecraft:variant": {
          "value": 0
        }
      },

      "var2": {
        "minecraft:variant": {
          "value": 1
        }
      },

      "var3": {
        "minecraft:variant": {
          "value": 2
        }
      },

      "baby": {
        "minecraft:is_baby": {},
        "minecraft:scale": {
          "value": 0.40
        },
        "minecraft:ageable": {
          "duration": 2400,
          "feedItems": [
            "jvsm:bonguri",
            "minecraft:apple"
          ],
          "grow_up": {
            "event": "jvsm:grow_up",
            "target": "self"
          }
        }
      },

      "adult": {
               "minecraft:scale": {
          "value":0.40
        },
        "minecraft:loot": {
          "table": "loot_tables/entities/sp.json"
        },
              "minecraft:type_family": {
        "family": [ "wolf","charmaleon","se" ]
      },
        //For now, they'll lay eggs in the future
        "minecraft:breedable": {
          "requireTame": true,
          "breedsWith": {
            "mateType": "jvsm:mew",
            "babyType": "jvsm:mew",
            "breed_event": {
              "event": "jvsm:dragon_born",
              "target": "baby"
            }
          },
          "breedItems": [
            "jvsm:bonguri",
            "minecraft:apple"
          ]
        }
      },

      "wild":{
        "minecraft:behavior.avoid_mob_type": {
          "priority": 2,
          "entity_types": [
            {
              "filters": {
                "test": "is_family",
                "subject": "other",
                "value": "player"
              },
              "max_dist": 64,
              "walk_speed_multiplier": 1.5,
              "sprint_speed_multiplier": 1.5
            }
          ]
        },
        		"minecraft:interact": [		  {		    "on_interact": {			  "filters": {			    "all_of": [				  { "test": "has_equipment", "subject": "other", "domain": "hand", "value": "jvsm:map"},                  { "test" :  "is_family", "subject" : "other", "value" :  "player"}				]			  },			  "event": "minecraft:on_tame"		    },		    "use_item": true,			"play_sounds": "chorusgrow",			"interact_text": "Capturar"		  },		  {		    "on_interact": {			  "filters": {			    "all_of": [				  { "test": "has_equipment", "subject": "other", "domain": "hand", "value": "jvsm:up"},                  { "test" :  "is_family", "subject" : "other", "value" :  "player"}				]			  },			  "event": "minecraft:u"		    },		    "use_item": false,			"play_sounds": "chorusgrow",			"interact_text": "Capturar"		  },		  {		    "on_interact": {			  "filters": {			    "all_of": [				  { "test": "has_equipment", "subject": "other", "domain": "hand", "value": "jvsm:greatball"},                  { "test" :  "is_family", "subject" : "other", "value" :  "player"}				]			  },			  "event": "minecraft:g"		    },		    "use_item": false,			"play_sounds": "chorusgrow",			"interact_text": "Capturar"		  }		],        "minecraft:tameable": {
          "probability": 0.24,
          "tameItems": [
            "jvsm:pokeball"
          ],
          "tame_event": {
            "event": "jvsm:on_tame",
            "target": "self"
          }
        },
        "minecraft:behavior.nearest_attackable_target": {
          "priority": 3,
          "attack_interval": 0,
          "reselect_targets": true,
          "entity_types": [
            {
              "filters": {
                "any_of": [
                  {
                    "test": "is_family",
                    "subject": "other",
                    "value": "ta"
                  }
                ]
              },
              "max_dist": 32
            }
          ]
        }
      },
"minecraft:loot": {
        "table": "loot_tables/entities/mewt.json"
      },
      "minecraft:health": {
        "value": 0,
        "max": 1
      },
      "tamed": {
        "minecraft:behavior.breed": {
          "priority": 3
        },
        "minecraft:behavior.owner_hurt_by_target": {
          "priority": 0
        },
        "minecraft:behavior.owner_hurt_target": {
          "priority": 0
        },
        "minecraft:leashable": {
          "soft_distance": 6.0,
          "hard_distance": 10.0,
          "max_distance": 15.0,
          "on_leash": {
            "event": "jvsm:on_leash",
            "target": "self"
          },
          "on_unleash": {
            "event": "jvsm:on_unleash",
            "target": "self"
          }
        },
        "minecraft:healable": {
          "items": [
            {
              "item": "minecraft:apple",
              "heal_amount": 4
            },
            {
              "item": "jvsm:bonguri",
              "heal_amount": 6
            },
                        {
              "item": "jvsm:spo",
              "heal_amount": 50
            }
          ]
        },
        "minecraft:interact": [
          {
            "cooldown": 0,
            "use_item": false,
            "on_interact": {
              "filters": {
                  "all_of": [
                    { "test": "has_equipment", "subject": "other", "domain": "hand", "value": "lead"},
                    { "test" :  "is_family", "subject" : "other", "value" :  "player"}
                  ]
                },
              "event": "jvsm:switcher",
              "target": "self"
            }
          }
        ],
        "minecraft:is_tamed": {},
        "minecraft:nameable": {},
        "minecraft:is_saddled": {},
        "minecraft:can_power_jump": {},
        "minecraft:input_ground_controlled": {},
        "minecraft:behavior.player_ride_tamed": {}
      },

      "company": {
        "minecraft:behavior.follow_owner": {
          "priority": 1,
          "speed_multiplier": 1.0,
          "start_distance": 10,
          "stop_distance": 2
        },
        "minecraft:behavior.pet_sleep_with_owner": {
          "priority": 5,
          "speed_multiplier": 1.2,
          "search_radius": 10,
          "search_height": 10,
          "goal_radius": 10.0
        },
        "minecraft:sittable": {
          "sit_event": {
            "event": "minecraft:cant_ride",
            "target": "self"
          },
          "stand_event": {
            "event": "minecraft:can_ride",
            "target": "self"
          }
        }
      },

      "ridingComp": {
        "minecraft:rideable": {
          "seat_count": 1,
          "family_types": [
            "player"
          ],
          "seats": {
            "position": [ 0.0, 1.4, -1.5 ]
          }
        },
        "minecraft:horse.jump_strength": {
          "value": {
            "range_min": 10, 
            "range_max": 10
          }
        },
        "minecraft:spell_effects": {
          "add_effects": [
            {
              "effect": "slow_falling",
              "duration": 99999999,
              "visible": false
            }
          ]
        }
      },

      "ranged": {
        "minecraft:shooter": {
          "type": "sne",
          "def": "jvsm:rosa"
        },
        "minecraft:behavior.ranged_attack": {
          "priority": 1,
          "attack_interval_min": 1,
          "attack_interval_max": 4,
          "charge_charged_trigger": 0.0,
          "charge_shoot_trigger": 4.0,
          "attack_radius": 64
        }
      },

      "melee": {
        "minecraft:behavior.melee_attack": {
          "random_stop_interval": 0,
          "reach_multiplier": 2.0,
          "speed_multiplier": 1.5,
          "track_target": true
        },
        "minecraft:attack": {
          "damage": 15
        }
      },

      "flying": {
        "minecraft:behavior.float_wander": {
          "must_reach": false,
          "random_reselect": false,
          "xz_dist": 50,
          "y_dist": 8,
          "y_offset": 2.0
        },
        "minecraft:flying_speed": {
          "value": 0.04
        },
        "minecraft:movement": {
          "value": 0.06
        },
        "minecraft:navigation.float": {
          "can_path_over_water": true
        },
        "minecraft:can_fly": {},
        "minecraft:movement.fly": {}
      },

      "walking": {
        "minecraft:navigation.generic": {
          "can_path_over_water": true
        },
        "minecraft:movement": {
          "value": 0.4
        },
        "minecraft:behavior.random_sitting": {
          "priority": 5,
          "start_chance": 0.2,
          "stop_chance": 0.2,
          "cooldown": 25,
          "min_sit_time": 15
        },
        "minecraft:behavior.stay_while_sitting": {
          "priority": 0
        },
        "minecraft:movement.generic": {}
      },

      "movement_switcher": {
        "minecraft:timer": {
          "time": [ 10, 10 ],
          "looping": true,
          "time_down_event": {
              "event": "jvsm:movement",
              "target": "self"
          }
        }
      }
      
    },
    "components": {
      "minecraft:type_family": {
        "family": [
          "dragon,se"
        ]
      },
      "minecraft:health": {
        "value": 175,
        "max": 175
      },
      "minecraft:breathable": {
        "totalSupply": 15,
        "suffocateTime": 15
      },
      "minecraft:collision_box": {
        "width": 0.9,
        "height": 2.0
      },
      "minecraft:behavior.float": {
        "priority": 0
      },
      "minecraft:behavior.random_stroll": {
        "priority": 4,
        "speed_multiplier": 1.0
      },
      "minecraft:behavior.beg": {
        "priority": 2,
        "look_distance": 8,
        "look_time": [ 2, 8 ],
        "items": [ "salmon", "fish" ]
      },
      "minecraft:behavior.look_at_player": {
        "priority": 4,
        "target_distance": 6.0,
        "probability": 0.02
      },
      "minecraft:behavior.hurt_by_target": {
        "priority": 0
      },
      "minecraft:fall_damage": {
        "value": 0.0
      },
      "minecraft:scheduler": [
        {
          "scheduled_event": {
            "filters": {
              "all_of": [
                { "test": "in_water_or_rain", "operator": "not" }
              ]
            },
            "event": "jvsm:to_ranged"
          }
        },
        {
          "scheduled_event": {
            "filters": {
              "all_of": [
                { "test": "in_water_or_rain" }
              ]
            },
            "event": "jvsm:to_melee"
          }
        }
      ],
      "minecraft:fire_immune": true,
      "minecraft:physics": {},
      "minecraft:can_climb": {}
    },
        "events": {      "minecraft:u": {        "remove": {          "component_groups": [            "minecraft:wolf_angry",            "minecraft:wolf_wild",            "minecraft:g"          ]        },        "add": {          "component_groups": [            "minecraft:u"          ]        }      },      "minecraft:p": {        "remove": {          "component_groups": [            "minecraft:wolf_angry",            "minecraft:u",            "minecraft:g"          ]        },        "add": {          "component_groups": [            "minecraft:wolf_wild"          ]        }      },      "minecraft:g": {        "remove": {          "component_groups": [            "minecraft:wolf_angry",            "minecraft:wolf_wild",            "minecraft:u"          ]        },        "add": {          "component_groups": [            "minecraft:g"          ]        }      },
      "minecraft:entity_spawned": {
        "sequence": [
          {
            "filters": { "test": "has_component", "operator": "!=", "value": "minecraft:variant" },
            "randomize": [ 
              { "weight": 9,
                "remove": {},
                "add": {
                  "component_groups": [ "adult", "wild", "ranged", "walking", "movement_switcher" ]
                }
              },
              { "weight": 1,
                "remove": {},
                "add": {
                  "component_groups": [ "baby", "wild", "ranged", "walking" ]
                }
              }
            ]
          },
          {
            "filters": { "test": "has_component", "operator": "!=", "value": "minecraft:variant" },
            "randomize": [
              { "weight": 5,
                "add": {
                  "component_groups": [ "var1" ]
                }
              },
              { "weight": 5,
                "add": {
                  "component_groups": [ "var2" ]
                }
              },
              { "weight": 5,
                "add": {
                  "component_groups": [ "var3" ]
                }
              }
            ]
          }
        ]
      },

      "jvsm:dragon_born": {
        "sequence": [
          {
            "randomize": [
              { "weight": 5,
                "add": {
                  "component_groups": [ "baby", "walking", "var1" ]
                }
              },
              { "weight": 5,
                "add": {
                  "component_groups": [ "baby", "walking", "var2" ]
                }
              },
              { "weight": 5,
                "add": {
                  "component_groups": [ "baby", "walking", "var3" ]
                }
              }
            ]
          }
        ]
      },

      "jvsm:grow_up": {
        "remove": {
          "component_groups": [ "baby" ]
        },
        "add": {
          "component_groups": [ "adult", "movement_switcher" ]
        }
      },

      "jvsm:on_tame": {
        "remove": {
          "component_groups": [ "wild" ]
        },
        "add": {
          "component_groups": [ "tamed" ]
        }
      },
      
      "jvsm:can_ride": {
        "add": {
          "component_groups": [ "ridingComp" ]
        },
        "remove": {
        }
      },

      "jvsm:cant_ride": {
        "remove": {
          "component_groups": [ "ridingComp" ]
        },
        "add": {
        }
      },

      "jvsm:movement": {
        "sequence": [
          {
            "randomize": [ 
              { "weight": 5,
                "remove": {
                  "component_groups": [ "walking", "flying" ]
                },
                "add": {
                  "component_groups": [ "walking" ]
                }
              },
              { "weight": 5,
                "remove": {
                  "component_groups": [ "walking", "flying" ]
                },
                "add": {
                  "component_groups": [ "flying" ]
                }
              }
            ]
          }
        ]
      },

      "jvsm:switcher": {
        "sequence": [
          {
            "filters": { "test": "has_component", "subject": "self", "operator": "equals", "value": "minecraft:timer" },
            "add": {
              "component_groups": [ "company", "walking" ]
            },
            "remove": {
              "component_groups": [ "movement_switcher", "flying" ]
            }
          },
          {
            "filters": { "test": "has_component", "subject": "self", "operator": "not", "value": "minecraft:timer" },
            "add": {
              "component_groups": [ "movement_switcher" ]
            },
            "remove": {
              "component_groups": [ "company" ]
            }
          }
        ]
      },

      "jvsm:to_ranged": {
        "remove": {
          "component_groups": [ "melee" ]
        },
        "add": {
          "component_groups": [ "ranged" ]
        }
      },

      "jvsm:to_melee": {
        "remove": {
          "component_groups": [ "ranged" ]
        },
        "add": {
          "component_groups": [ "melee" ]
        }
      }
    }
  }
}