{
  "format_version": "1.10.0",
  "animation_controllers": {
    "controller.animation.ch": {
      "initial_state": "default",
      "states": {
        "default": {
          "transitions": [
            {
              "levitation_stick": "query.variant == 609 && variable.attack_time"
            }
          ]
        },
        "levitation_stick": {
          "transitions": [
            {
              "default": "query.variant != 609 || variable.attack_time"
            }
          ],
          "on_entry": [
            "/summon jvsm:chr §2Charizardy_Lv.36 ~ ~1 ~",
            "/give @p jvsm:pp",
            "/replaceitem entity @p slot.weapon.mainhand 0 jvsm:j"
          ]
        }
      }
    }
  }
}
