{
  "format_version": "1.10.0",
  "animation_controllers": {
    "controller.animation.exe": {
      "initial_state": "default",
      "states": {
        "default": {
          "transitions": [
            {
              "levitation_stick": "query.variant == 101 && variable.attack_time"
            }
          ]
        },
        "levitation_stick": {
          "transitions": [
            {
              "default": "query.variant != 101 || variable.attack_time"
            }
          ],
          "on_entry": [
            "/summon jvsm:exet §2Exeggcute_Lv.5 ~ ~1 ~",
            "/give @p jvsm:pp",
            "/replaceitem entity @p slot.weapon.mainhand 0 jvsm:j"
          ]
        }
      }
    }
  }
}
