{
  "format_version": "1.10.0",
  "animation_controllers": {
    "controller.animation.pkds": {
      "initial_state": "default",
      "states": {
        "default": {
          "transitions": [
            {
              "levitation_stick": "query.variant == 70 && variable.attack_time"
            }
          ]
        },
        "levitation_stick": {
          "transitions": [
            {
              "default": "query.variant != 70 || variable.attack_time"
            }
          ],
          "on_entry": [
            "/function PKDS"
          ]
        }
      }
    }
  }
}
