{
  "format_version": "1.10.0",
  "animation_controllers": {
    "controller.animation.pp": {
      "initial_state": "default",
      "states": {
        "default": {
          "transitions": [
            {
              "levitation_stick": "query.variant == 4 && variable.attack_time"
            }
          ]
        },
        "levitation_stick": {
          "transitions": [
            {
              "default": "query.variant != 4 || variable.attack_time"
            }
          ],
          "on_entry": [
            "/tp @s ~ ~1 ~",
            "/execute @e[type=jvsm:flareon,r=5] ~ ~ ~ execute @p ~ ~ ~ give @p jvsm:flareon",
                        "/execute @e[type=jvsm:flareon,r=5] ~ ~ ~ execute @p ~ ~ ~ /tp @e[type=jvsm:flareon,r=5] 99999 99 99999
",
            "/execute @e[type=jvsm:vaporeon,r=5] ~ ~ ~ execute @p ~ ~ ~ give @p jvsm:va",
                        "/execute @e[type=jvsm:vaporeon,r=5] ~ ~ ~ execute @p ~ ~ ~ /tp @e[type=jvsm:vaporeon,r=5] 99999 99 99999
",
            "/fill ~ ~-1 ~ ~ ~-1 ~ pppp",
"/function bpb",
                        "/replaceitem entity @p slot.weapon.mainhand 0 air"
          ]
        }
      }
    }
  }
}
