{
  "format_version": "1.10.0",
  "animation_controllers": {
    "controller.animation.vv_function": {
      "initial_state": "default",
      "states": {
        "default": {
          "transitions": [
            {
              "levitation_stick": "variable.attack_time"
            }
          ]
        },
        "levitation_stick": {
          "transitions": [
            {
              "default": "variable.attack_time"
            }
          ],
          "on_entry": [
"/function vv"
          ]
        }
      }
    }
  }
}
