{
  "format_version": "1.8.0",
  "minecraft:entity": {
    "description": {
      "identifier": "jvsm:mewtwo2",
      "is_spawnable": true,
      "is_summonable": true,
      "is_experimental": false
    },

    "component_groups": {
      "minecraft:interact": {
          "on_interact": {
            "filters": {
              "all_of": [
                {
                  "test": "is_family",
                  "subject": "other",
                  "value": "player"
                },
                {
                  "test": "has_equipment",
                  "domain": "hand",
                  "subject": "other",
                  "value": "jvsm:ts"
                },
                {
                  "test": "has_component",
                  "operator": "!=",
                  "value": {
	    "minecraft:transformation": {
		  "into": "jvsm:raichu"
		}
	  }
                }
              ]
            },
            "event": "minecraft:start_exploding_forced",
            "target": "self"
          },
          "hurt_item": 1,
          "swing": true,
          "play_sounds": "ignite",
          "interact_text": "action.interact.evoluir"
        },
      "minecraft:wolf_baby": {
        "minecraft:is_baby": {
        },
        "minecraft:scale": {
          "value": 0.83
        },

        "minecraft:ageable": {
          "duration": 1200,
          "feedItems": [
            "jvsm:bonguri"
          ],
          "grow_up": {
            "event": "minecraft:ageable_grow_up",
            "target": "self"
          }
        }
      },

      "minecraft:wolf_adult": {
        "minecraft:loot": {
          "table": "loot_tables/entities/mewtwo.json"
        },
                "minecraft:behavior.hurt_by_target": {
          "priority": 2,
          "entity_types": {
            "filters": { 
                "all_of": [
                  { "test" :  "is_family", "subject" : "other", "operator": "!=", "value" :  "player"}
                ] 
          }
        }
      },
        "minecraft:scale": {
          "value": 0.83
        },

        "minecraft:breedable": {
          "requireTame": true,
          "breedsWith": {
            "mateType": "jvsm:chr",
            "babyType": "jvsm:c",
            "breed_event": {
              "event": "minecraft:entity_born",
              "target": "baby"
            }
          },
          "breedItems": [
            "jvsm:bonguri"
          ]
        }
      },

      "minecraft:wolf_angry": {
        "minecraft:angry": {
          "duration": 25,
          "broadcastAnger": true,
          "broadcastRange": 20,
          "calm_event": {
            "event": "minecraft:on_calm",
            "target": "self"
          }
        },
        "minecraft:on_target_acquired": {
        }
      },

      "minecraft:wolf_wild": {
        "minecraft:behavior.avoid_mob_type": {
          "priority": 3,
          "entity_types": [
            {
              "filters": { "test": "is_family", "subject": "other", "value": "llama" },
              "max_dist": 24,
              "walk_speed_multiplier": 1.5,
              "sprint_speed_multiplier": 1.5
            }
          ],
          "probability_per_strength": 0.14
        },
        "minecraft:tameable": {
          "probability": 100.24,
          "tameItems": "jvsm:j",
          "tame_event": {
            "event": "minecraft:on_tame",
            "target": "self"
          }
        },

        "minecraft:behavior.nearest_attackable_target": {
          "priority": 4,
          "attack_interval": 4,
          "reselect_targets": true,
          "entity_types": [
            {
              "filters": {
                "any_of": [
                  { "test" :  "is_family", "subject" : "other", "value" :  "se"},
                  { "test" :  "is_family", "subject" : "other", "value" :  "sheep"},
                  { "test" :  "is_family", "subject" : "other", "value" :  "rabbit"}
                ] 
              },
              "max_dist": 16
            },
            {
              "filters": {
                "all_of": [
                  {
                    "test": "is_family",
                    "subject": "other",
                    "value": "baby_turtle"
                  },
                  {
                    "test": "in_water",
                    "subject": "other",
                    "operator": "!=",
                    "value": true
                  }
                ]
              },
              "max_dist": 16
            },
			{
              "filters": {
				"all_of": [
                  {
                    "test": "is_family",
                    "subject": "other",
                    "value": "se"
                  },
                  {
                    "test": "is_underwater",
                    "subject": "other",
                    "operator": "!=",
                    "value": true
                  }
				]
              },
              "max_dist": 16
			}
          ],
          "must_see": true
        },
        "minecraft:on_target_acquired": {
          "event": "minecraft:become_angry",
          "target": "self"
        },
        "minecraft:rideable": {
          "seat_count": 1,
          "family_types": [
            "zombie"
          ],
          "seats": {
            "position": [ 0.0, 0.675, -0.1 ]
          }
        }
      },

      "minecraft:wolf_tame": {
        "minecraft:is_tamed": {
        },
        "requireTame": true,
      "minecraft:loot": {
        "table": "loot_tables/entities/mewtwo.json"
      },
      "minecraft:type_family": {
        "family": [ "wolf","charmaleon","ta" ]
      },
      "minecraft:scale": {
          "value": 0.83
        },

        "minecraft:health": {
          "value": 200,
          "max": 200
        },
        "minecraft:color": {
          "value": 14
        },
        "minecraft:behavior.follow_owner": {
          "priority": 6,
          "speed_multiplier": 1.0,
          "start_distance": 10,
          "stop_distance": 2
        },
        "minecraft:attack": {
          "damage": 13
        },
        "minecraft:behavior.breed": {
          "priority": 7
        },

        "minecraft:behavior.owner_hurt_by_target": {
          "priority": 1
        },
        "minecraft:behavior.owner_hurt_target": {
          "priority": 2
        },
        "minecraft:behavior.nearest_attackable_target": {
          "priority": 5,
          "attack_interval": 4,
          "entity_types": [
            {
              "filters": { "test" :  "is_family", "subject" : "other", "value" :  "se"},
              "max_dist": 16
            }
          ],
          "must_see": true
        },

        "minecraft:sittable": {
        },
        "minecraft:is_dyeable": {
          "interact_text": "action.interact.dye"
        },

        "minecraft:leashable": {
          "soft_distance": 4.0,
          "hard_distance": 6.0,
          "max_distance": 10.0,
          "on_leash": {
            "event": "minecraft:on_leash",
            "target": "self"
          },
          "on_unleash": {
            "event": "minecraft:on_unleash",
            "target": "self"
          }
        }
      },

      "minecraft:wolf_leashed": {
        "minecraft:behavior.move_towards_restriction": {
          "priority": 2,
          "speed_multiplier": 1.0
        }
      }
    },


    "components": {
      "minecraft:nameable": {
      },
      "minecraft:breathable": {
        "totalSupply": 15,
        "suffocateTime": 0
      },
      "minecraft:collision_box": {
        "width": 0.6,
        "height": 0.8
      },
      "minecraft:health": {
        "value": 210,
        "max": 210
      },
      "minecraft:movement": {
        "value": 0.7
      },
      "minecraft:navigation.walk": {
        "can_path_over_water": true,
        "avoid_damage_blocks": true
      },
      "minecraft:movement.basic": {
      },
      "minecraft:jump.static": {
      },
      "minecraft:can_climb": {
      },
      "minecraft:attack": {
        "damage": 12
      },
      "minecraft:healable": {
        "items": [
          {
            "item": "jvsm:po",
            "heal_amount": 20          },
                      {
            "item": "jvsm:spo",
            "heal_amount": 50
          },
                                {
            "item": "jvsm:hpo",
            "heal_amount": 200
          }
        ]
      },
      "minecraft:behavior.float": {
        "priority": 0
      },
      "minecraft:behavior.mount_pathing": {
        "priority": 1,
        "speed_multiplier": 1.25,
        "target_dist": 0,
        "track_target": true
      },
      "minecraft:behavior.stay_while_sitting": {
        "priority": 3
      },
      "minecraft:behavior.leap_at_target": {
        "priority": 4,
        "target_dist": 0.4
      },
      "minecraft:behavior.ranged_attack": {
          "attack_interval_min": 1,
          "attack_interval_max": 4,
          "attack_radius": 19
        },
        "minecraft:shooter": {
          "type": "jvsm:rosa",
          "def": "jvsm:rosa"
        },
      "minecraft:behavior.random_stroll": {
        "priority": 8,
        "speed_multiplier": 1.0
      },
      "minecraft:behavior.look_at_player": {
        "priority": 6,
        "target_distance": 6.0,
        "probability": 0.02
      },
      "minecraft:behavior.beg": {
        "priority": 9,
        "look_distance": 8,
        "look_time": [ 2, 4 ],
        "items": [ "jvsm:bonguri", "jvsm:pokeball" ]
      },

      "minecraft:behavior.hurt_by_target": {
        "priority": 3
      },
	    "minecraft:physics": {
      }
    },


    "events": {
      "minecraft:entity_spawned": {
        "randomize": [
          {
            "weight": 9,
            "remove": {
            },
            "add": {
              "component_groups": [
                "minecraft:wolf_adult",
                "minecraft:wolf_wild"
              ]
            }
          },
          {
            "weight": 1,
            "remove": {
            },
            "add": {
              "component_groups": [
                "minecraft:wolf_baby",
                "minecraft:wolf_wild"
              ]

            }
          }
        ]
      },

      "minecraft:entity_born": {
        "remove": {
        },
        "add": {
          "component_groups": [
            "minecraft:wolf_baby",
            "minecraft:wolf_tame"
          ]
        }
      },

      "minecraft:ageable_grow_up": {
        "remove": {
          "component_groups": [
            "minecraft:wolf_baby"
          ]
        },
        "add": {
          "component_groups": [
            "minecraft:wolf_adult"
          ]
        }
      },

      "minecraft:ageable_set_baby": {
        "remove": {
          "component_groups": [
            "minecraft:wolf_adult"
          ]
        },
        "add": {
          "component_groups": [
            "minecraft:wolf_baby"
          ]
        }
      },

      "minecraft:on_tame": {
        "remove": {
          "component_groups": [
            "minecraft:wolf_wild"
          ]
        },
        "add": {
          "component_groups": [
            "minecraft:wolf_tame"
          ]
        }
      },
      "minecraft:become_angry": {
        "remove": {
          "component_groups": [
            "minecraft:wolf_wild"
          ]
        },
        "add": {
          "component_groups": [
            "minecraft:wolf_angry"
          ]
        }
      },
      "minecraft:on_calm": {
        "remove": {
          "component_groups": [
            "minecraft:wolf_angry"
          ]
        },
        "add": {
          "component_groups": [
            "minecraft:wolf_wild"
          ]
        }
      },

      "minecraft:on_leash": {
        "add": {
          "component_groups": [
            "minecraft:wolf_leashed"
          ]
        }
      },
      "minecraft:on_unleash": {
        "remove": {
          "component_groups": [
            "minecraft:wolf_leashed"
          ]
        }
      }
    }
  }
}
