{
  "format_version": "1.13.0",
  "minecraft:entity": {
    "description": {
      "identifier": "jvsm:healer",
      "is_spawnable": true,
      "is_summonable": true,
      "is_experimental": false,
	  "runtime_identifier": "minecraft:shulker"
    },
       "minecraft:scale": {
          "value": 2.0
        },
    "component_groups": {
      "minecraft:cow_baby": {
        "minecraft:is_baby": {
        },
"minecraft:damage_sensor": {
        "triggers": [
          {
            "on_damage": {
              "filters": { "test" :  "is_family", "subject" : "other", "value" :  "player" }
            },
            "deals_damage": false
}
         ]
          },
       "minecraft:scale": {
          "value": 2.0
        },
        "minecraft:ageable": {
          "duration": 1200,
          "feed_items": "wheat",
          "grow_up": {
            "event": "minecraft:ageable_grow_up",
            "target": "self"
          }
        },

        "minecraft:behavior.follow_parent": {
          "priority": 6,
          "speed_multiplier": 1.1
        }
      },

      "minecraft:cow_adult": {
       "minecraft:scale": {
          "value": 2.0
        },
        "minecraft:experience_reward": {
          "on_bred": "Math.Random(1,7)",
          "on_death": "query.last_hit_by_player ? Math.Random(1,3) : 0"
        },
        "minecraft:loot": {
          "table": "loot_tables/entities/dbdbd.json"
        },
        "minecraft:behavior.breed": {
          "priority": 3,
          "speed_multiplier": 1.0
        },
        "minecraft:breedable": {
          "require_tame": false,
          "breed_items": "wheat",
          "breeds_with": {
            "mate_type": "minecraft:cow",
            "baby_type": "minecraft:cow",
            "breed_event": {
              "event": "minecraft:entity_born",
              "target": "baby"
            }
          }
        },
"minecraft:damage_sensor": {
        "triggers": [
          {
            "on_damage": {
              "filters": { "test" :  "is_family", "subject" : "other", "value" :  "player" }
            },
            "deals_damage": false
}
         ]
          },
        "minecraft:interact": {
          "interactions": [
            {
              "on_interact": {
                "filters": {
                  "all_of": [
                    { "test": "is_family", "subject" : "other", "value" :  "player"},
                    { "test": "has_equipment", "domain": "hand", "subject": "other", "value": "jvsm:e_pokeball"}
                  ]
                }
              },
              "use_item": true,
              "transform_to_item": "jvsm:eevee",
              "play_sounds": "milk",
              "interact_text": "CURAR"
            },
            {
              "on_interact": {
                "filters": {
                  "all_of": [
                    { "test": "is_family", "subject" : "other", "value" :  "player"},
                    { "test": "has_equipment", "domain": "hand", "subject": "other", "value": "jvsm:va_pokeball"}
                  ]
                }
              },
              "use_item": true,
              "transform_to_item": "jvsm:va",
              "play_sounds": "milk",
              "interact_text": "CURAR"
            },
            {
              "on_interact": {
                "filters": {
                  "all_of": [
                    { "test": "is_family", "subject" : "other", "value" :  "player"},
                    { "test": "has_equipment", "domain": "hand", "subject": "other", "value": "jvsm:grow_pokeball"}
                  ]
                }
              },
              "use_item": true,
              "transform_to_item": "jvsm:gro",
              "play_sounds": "milk",
              "interact_text": "CURAR"
            },
            {
              "on_interact": {
                "filters": {
                  "all_of": [
                    { "test": "is_family", "subject" : "other", "value" :  "player"},
                    { "test": "has_equipment", "domain": "hand", "subject": "other", "value": "jvsm:ar_pokeball"}
                  ]
                }
              },
              "use_item": true,
              "transform_to_item": "jvsm:ar",
              "play_sounds": "milk",
              "interact_text": "CURAR"
            },
            {
              "on_interact": {
                "filters": {
                  "all_of": [
                    { "test": "is_family", "subject" : "other", "value" :  "player"},
                    { "test": "has_equipment", "domain": "hand", "subject": "other", "value": "jvsm:blaz_pokeball"}
                  ]
                }
              },
              "use_item": true,
              "transform_to_item": "jvsm:blazpb",
              "play_sounds": "milk",
              "interact_text": "CURAR"
            },
            {
              "on_interact": {
                "filters": {
                  "all_of": [
                    { "test": "is_family", "subject" : "other", "value" :  "player"},
                    { "test": "has_equipment", "domain": "hand", "subject": "other", "value": "jvsm:fla_pokeball"}
                  ]
                }
              },
              "use_item": true,
              "transform_to_item": "jvsm:flareon",
              "play_sounds": "milk",
              "interact_text": "CURAR"
            },
            {
              "on_interact": {
                "filters": {
                  "all_of": [
                    { "test": "is_family", "subject" : "other", "value" :  "player"},
                    { "test": "has_equipment", "domain": "hand", "subject": "other", "value": "jvsm:vol_pokeball"}
                  ]
                }
              },
              "use_item": true,
              "transform_to_item": "jvsm:volpb",
              "play_sounds": "milk",
              "interact_text": "CURAR"
            },
            {
              "on_interact": {
                "filters": {
                  "all_of": [
                    { "test": "is_family", "subject" : "other", "value" :  "player"},
                    { "test": "has_equipment", "domain": "hand", "subject": "other", "value": "jvsm:ele_pokeball"}
                  ]
                }
              },
              "use_item": true,
              "transform_to_item": "jvsm:elepb",
              "play_sounds": "milk",
              "interact_text": "CURAR"
            },
            {
              "on_interact": {
                "filters": {
                  "all_of": [
                    { "test": "is_family", "subject" : "other", "value" :  "player"},
                    { "test": "has_equipment", "domain": "hand", "subject": "other", "value": "jvsm:ho_pokeball"}
                  ]
                }
              },
              "use_item": true,
              "transform_to_item": "jvsm:hopb",
              "play_sounds": "milk",
              "interact_text": "CURAR"
            },
            {
              "on_interact": {
                "filters": {
                  "all_of": [
                    { "test": "is_family", "subject" : "other", "value" :  "player"},
                    { "test": "has_equipment", "domain": "hand", "subject": "other", "value": "jvsm:c_pokeball"}
                  ]
                }
              },
              "use_item": true,
              "transform_to_item": "jvsm:ct",
              "play_sounds": "milk",
              "interact_text": "CURAR"
            },
            {
              "on_interact": {
                "filters": {
                  "all_of": [
                    { "test": "is_family", "subject" : "other", "value" :  "player"},
                    { "test": "has_equipment", "domain": "hand", "subject": "other", "value": "jvsm:tre_pokeball"}
                  ]
                }
              },
              "use_item": true,
              "transform_to_item": "jvsm:trepb",
              "play_sounds": "milk",
              "interact_text": "CURAR"
            },
            {
              "on_interact": {
                "filters": {
                  "all_of": [
                    { "test": "is_family", "subject" : "other", "value" :  "player"},
                    { "test": "has_equipment", "domain": "hand", "subject": "other", "value": "jvsm:frog_pokeball"}
                  ]
                }
              },
              "use_item": true,
              "transform_to_item": "jvsm:frogpb",
              "play_sounds": "milk",
              "interact_text": "CURAR"
            },
            {
              "on_interact": {
                "filters": {
                  "all_of": [
                    { "test": "is_family", "subject" : "other", "value" :  "player"},
                    { "test": "has_equipment", "domain": "hand", "subject": "other", "value": "jvsm:ches_pokeball"}
                  ]
                }
              },
              "use_item": true,
              "transform_to_item": "jvsm:chespb",
              "play_sounds": "milk",
              "interact_text": "CURAR"
            },
            {
              "on_interact": {
                "filters": {
                  "all_of": [
                    { "test": "is_family", "subject" : "other", "value" :  "player"},
                    { "test": "has_equipment", "domain": "hand", "subject": "other", "value": "jvsm:drag_pokeball"}
                  ]
                }
              },
              "use_item": true,
              "transform_to_item": "jvsm:dragpb",
              "play_sounds": "milk",
              "interact_text": "CURAR"
            },
            {
              "on_interact": {
                "filters": {
                  "all_of": [
                    { "test": "is_family", "subject" : "other", "value" :  "player"},
                    { "test": "has_equipment", "domain": "hand", "subject": "other", "value": "jvsm:drago_pokeball"}
                  ]
                }
              },
              "use_item": true,
              "transform_to_item": "jvsm:dragopb",
              "play_sounds": "milk",
              "interact_text": "CURAR"
            },
            {
              "on_interact": {
                "filters": {
                  "all_of": [
                    { "test": "is_family", "subject" : "other", "value" :  "player"},
                    { "test": "has_equipment", "domain": "hand", "subject": "other", "value": "jvsm:gy_pokeball"}
                  ]
                }
              },
              "use_item": true,
              "transform_to_item": "jvsm:gypb",
              "play_sounds": "milk",
              "interact_text": "CURAR"
            },
            {
              "on_interact": {
                "filters": {
                  "all_of": [
                    { "test": "is_family", "subject" : "other", "value" :  "player"},
                    { "test": "has_equipment", "domain": "hand", "subject": "other", "value": "jvsm:pip_pokeball"}
                  ]
                }
              },
              "use_item": true,
              "transform_to_item": "jvsm:pippb",
              "play_sounds": "milk",
              "interact_text": "CURAR"
            },
            {
              "on_interact": {
                "filters": {
                  "all_of": [
                    { "test": "is_family", "subject" : "other", "value" :  "player"},
                    { "test": "has_equipment", "domain": "hand", "subject": "other", "value": "jvsm:bl_pokeball"}
                  ]
                }
              },
              "use_item": true,
              "transform_to_item": "jvsm:blpb",
              "play_sounds": "milk",
              "interact_text": "CURAR"
            },
            {
              "on_interact": {
                "filters": {
                  "all_of": [
                    { "test": "is_family", "subject" : "other", "value" :  "player"},
                    { "test": "has_equipment", "domain": "hand", "subject": "other", "value": "jvsm:ca_pokeball"}
                  ]
                }
              },
              "use_item": true,
              "transform_to_item": "jvsm:capb",
              "play_sounds": "milk",
              "interact_text": "CURAR"
            },
            {
              "on_interact": {
                "filters": {
                  "all_of": [
                    { "test": "is_family", "subject" : "other", "value" :  "player"},
                    { "test": "has_equipment", "domain": "hand", "subject": "other", "value": "jvsm:cas_pokeball"}
                  ]
                }
              },
              "use_item": true,
              "transform_to_item": "jvsm:caspb",
              "play_sounds": "milk",
              "interact_text": "CURAR"
            },
            {
              "on_interact": {
                "filters": {
                  "all_of": [
                    { "test": "is_family", "subject" : "other", "value" :  "player"},
                    { "test": "has_equipment", "domain": "hand", "subject": "other", "value": "jvsm:f_pokeball"}
                  ]
                }
              },
              "use_item": true,
              "transform_to_item": "jvsm:fpb",
              "play_sounds": "milk",
              "interact_text": "CURAR"
            },
            {
              "on_interact": {
                "filters": {
                  "all_of": [
                    { "test": "is_family", "subject" : "other", "value" :  "player"},
                    { "test": "has_equipment", "domain": "hand", "subject": "other", "value": "jvsm:gre_pokeball"}
                  ]
                }
              },
              "use_item": true,
              "transform_to_item": "jvsm:grepb",
              "play_sounds": "milk",
              "interact_text": "CURAR"
            },
            {
              "on_interact": {
                "filters": {
                  "all_of": [
                    { "test": "is_family", "subject" : "other", "value" :  "player"},
                    { "test": "has_equipment", "domain": "hand", "subject": "other", "value": "jvsm:dra_pokeball"}
                  ]
                }
              },
              "use_item": true,
              "transform_to_item": "jvsm:drapb",
              "play_sounds": "milk",
              "interact_text": "CURAR"
            },
            {
              "on_interact": {
                "filters": {
                  "all_of": [
                    { "test": "is_family", "subject" : "other", "value" :  "player"},
                    { "test": "has_equipment", "domain": "hand", "subject": "other", "value": "jvsm:pid_pokeball"}
                  ]
                }
              },
              "use_item": true,
              "transform_to_item": "jvsm:pidpb",
              "play_sounds": "milk",
              "interact_text": "CURAR"
            },
            {
              "on_interact": {
                "filters": {
                  "all_of": [
                    { "test": "is_family", "subject" : "other", "value" :  "player"},
                    { "test": "has_equipment", "domain": "hand", "subject": "other", "value": "jvsm:_pokeball"}
                  ]
                }
              },
              "use_item": true,
              "transform_to_item": "jvsm:hopb",
              "play_sounds": "milk",
              "interact_text": "CURAR"
            },
            {
              "on_interact": {
                "filters": {
                  "all_of": [
                    { "test": "is_family", "subject" : "other", "value" :  "player"},
                    { "test": "has_equipment", "domain": "hand", "subject": "other", "value": "jvsm:b_pokeball"}
                  ]
                }
              },
              "use_item": true,
              "transform_to_item": "jvsm:bpb",
              "play_sounds": "milk",
              "interact_text": "CURAR"
            },
            {
              "on_interact": {
                "filters": {
                  "all_of": [
                    { "test": "is_family", "subject" : "other", "value" :  "player"},
                    { "test": "has_equipment", "domain": "hand", "subject": "other", "value": "jvsm:s_pokeball"}
                  ]
                }
              },
              "use_item": true,
              "transform_to_item": "jvsm:spb",
              "play_sounds": "milk",
              "interact_text": "CURAR"
            }
          ]
        }
      }
    },
    "components": {
      "minecraft:type_family": {
        "family": [ "cow", "mob" ]
      },
      "minecraft:breathable": {
        "total_supply": 15,
        "suffocate_time": 0
      },
      "minecraft:navigation.walk": {
        "can_path_over_water": true,
        "avoid_water": true,
        "avoid_damage_blocks": true
      },
      "minecraft:movement.basic": {

      },
      "minecraft:jump.static": {
      },
      "minecraft:can_climb": {
      },
      "minecraft:collision_box": {
        "width": 0.9,
        "height": 1.3
      },
      "minecraft:nameable": {
      },
      "minecraft:health": {
        "value": 10,
        "max": 10
      },
      "minecraft:hurt_on_condition": {
        "damage_conditions": [
          {
            "filters": { "test": "in_lava", "subject": "self", "operator": "==", "value": true },
            "cause": "lava",
            "damage_per_tick": 4
          }
        ]
      },
      "minecraft:movement": {
        "value": 0
      },
      "minecraft:behavior.float": {
        "priority": 0
      },
      "minecraft:behavior.panic": {
        "priority": 1,
        "speed_multiplier": 1.25
      },
      "minecraft:behavior.mount_pathing": {
        "priority": 2,
        "speed_multiplier": 1.5,
        "target_dist": 0.0,
        "track_target": true
      },
      "minecraft:behavior.breed": {
        "priority": 3,
        "speed_multiplier": 1.0
      },
      "minecraft:behavior.tempt": {
        "priority": 4,
        "speed_multiplier": 1.25,
        "items": [
          "wheat"
        ]
      },
      "minecraft:behavior.follow_parent": {
        "priority": 5,
        "speed_multiplier": 1.1
      },
      "minecraft:behavior.random_stroll": {
        "priority": 6,
        "speed_multiplier": 0.8
      },
      "minecraft:behavior.look_at_player": {
        "priority": 7,
        "look_distance": 6.0,
        "probability": 0.02
      },
      "minecraft:behavior.random_look_around": {
        "priority": 9
      },
      "minecraft:leashable": {
        "soft_distance": 4.0,
        "hard_distance": 6.0,
        "max_distance": 10.0
      },
      "minecraft:balloonable": {
      },
      "minecraft:rideable": {
        "seat_count": 1,
        "family_types": [
          "zombie"
        ],
        "seats": {
          "position": [ 0.0, 1.105, 0.0 ]
        }
      },
      "minecraft:physics": {
      },
      "minecraft:pushable": {
        "is_pushable": true,
        "is_pushable_by_piston": true
      }
    },

    "events": {
      "minecraft:entity_spawned": {
        "randomize": [
          {
            "weight": 95,
            "add": {
              "component_groups": [
                "minecraft:cow_adult"
              ]
            }
          },
          {
            "weight": 5,
            "add": {
              "component_groups": [
                "minecraft:cow_adult"
              ]
            }
          }
        ]
      },

      "minecraft:entity_born": {
        "add": {
          "component_groups": [
            "minecraft:cow_baby"
          ]
        }
      },

      "minecraft:entity_transformed": {
        "remove": {
        },
        "add": {
          "component_groups": [
            "minecraft:cow_adult"
          ]
        }
      },

      "minecraft:ageable_grow_up": {
        "remove": {
          "component_groups": [
            "minecraft:cow_baby"
          ]
        },
        "add": {
          "component_groups": [
            "minecraft:cow_adult"
          ]
        }
      }
    }
  }
}
