{
  "format_version": "1.8.0",
  "minecraft:entity": {
    "description": {
      "identifier": "jvsm:apa4",
      "is_spawnable": false,
      "is_summonable": true,
      "is_experimental": false
    },
	
	"component_groups": {
	  "minecraft:loot": {
          "table": "loot_tables/entities/b.json"
        },
      "minecraft:damage_sensor": {
        "triggers": [
          {
            "on_damage": {
              "filters": { "test" :  "is_family", "subject" : "other", "value" :  "player" }
            },
            "deals_damage": false
}
         ]
          },
        "minecraft:scale": {
          "value": 1.0
        },
	  "minecraft:eclosion": {
	    "minecraft:transformation": {
		  "into": "jvsm:apa14"
		}
	  }
	},
	
	"components": {
	  "minecraft:damage_sensor": [
	    {
		  "cause": "any",
		  "deals_damage": false
		}
	  ],
	  "minecraft:timer": {
		"looping": false,
		"randomInterval": false,
		"time": 40.0,
		"time_down_event": {
		  "event": "minecraft:event_eclosion"
		}
	  },
	          "minecraft:scale": {
          "value": 1.0
        },
	  "minecraft:collision_box": {
	    "height": 1.0,
	    "width": 1.0
	  },
	  			"minecraft:knockback_resistance": {
				"value": 1.0
			},
				"minecraft:fall_damage": {
				"value": 0.0
			},
			"minecraft:is_stackable": {},
			"minecraft:push_through": {
				"value": 1.0
			},
	  "minecraft:physics": {
	    "has_gravity": true,
		"has_collision": true
	  }
	},
	
	"events": {
	  "minecraft:event_eclosion": {
	    "add": {
		  "component_groups": [
		    "minecraft:eclosion"
		  ]
		}
	  }
	}
  }
}