{
    "format_version": "1.13.0",
    "minecraft:aggregate_feature": {
        "description": {
            "identifier": "Never_rotd0_feature"
        },
        "features": [
            "Never_rotd0_sbf_00000000",
            "Never_rotd0_sbf_00000001",
            "Never_rotd0_sbf_00000002",
            "Never_rotd0_sbf_00000003",
            "Never_rotd0_sbf_00000004",
            "Never_rotd0_sbf_00000005",
            "Never_rotd0_sbf_00000006",
            "Never_rotd0_sbf_00000007",
            "Never_rotd0_sbf_00000008",
            "Never_rotd0_sbf_00000009",
            "Never_rotd0_sbf_00000010",
            "Never_rotd0_sbf_00000011",
            "Never_rotd0_sbf_00000012",
            "Never_rotd0_sbf_00000013",
            "Never_rotd0_sbf_00000014",
            "Never_rotd0_sbf_00000015",
            "Never_rotd0_sbf_00000016",
            "Never_rotd0_sbf_00000017",
            "Never_rotd0_sbf_00000018",
            "Never_rotd0_sbf_00000019",
            "Never_rotd0_sbf_00000020",
            "Never_rotd0_sbf_00000021",
            "Never_rotd0_sbf_00000022",
            "Never_rotd0_sbf_00000023",
            "Never_rotd0_sbf_00000024",
            "Never_rotd0_sbf_00000025",
            "Never_rotd0_sbf_00000026",
            "Never_rotd0_sbf_00000027",
            "Never_rotd0_sbf_00000028",
            "Never_rotd0_sbf_00000029",
            "Never_rotd0_sbf_00000030",
            "Never_rotd0_sbf_00000031",
            "Never_rotd0_sbf_00000032",
            "Never_rotd0_sbf_00000033",
            "Never_rotd0_sbf_00000034",
            "Never_rotd0_sbf_00000035",
            "Never_rotd0_sbf_00000036",
            "Never_rotd0_sbf_00000037",
            "Never_rotd0_sbf_00000038",
            "Never_rotd0_sbf_00000039",
            "Never_rotd0_sbf_00000040",
            "Never_rotd0_sbf_00000041",
            "Never_rotd0_sbf_00000042",
            "Never_rotd0_sbf_00000043",
            "Never_rotd0_sbf_00000044",
            "Never_rotd0_sbf_00000045",
            "Never_rotd0_sbf_00000046",
            "Never_rotd0_sbf_00000047",
            "Never_rotd0_sbf_00000048",
            "Never_rotd0_sbf_00000049",
            "Never_rotd0_sbf_00000050",
            "Never_rotd0_sbf_00000051",
            "Never_rotd0_sbf_00000052",
            "Never_rotd0_sbf_00000053",
            "Never_rotd0_sbf_00000054",
            "Never_rotd0_sbf_00000055",
            "Never_rotd0_sbf_00000056",
            "Never_rotd0_sbf_00000057",
            "Never_rotd0_sbf_00000058",
            "Never_rotd0_sbf_00000059",
            "Never_rotd0_sbf_00000060",
            "Never_rotd0_sbf_00000061",
            "Never_rotd0_sbf_00000062",
            "Never_rotd0_sbf_00000063",
            "Never_rotd0_sbf_00000064",
            "Never_rotd0_sbf_00000065",
            "Never_rotd0_sbf_00000066",
            "Never_rotd0_sbf_00000067",
            "Never_rotd0_sbf_00000068",
            "Never_rotd0_sbf_00000069",
            "Never_rotd0_sbf_00000070",
            "Never_rotd0_sbf_00000071",
            "Never_rotd0_sbf_00000072",
            "Never_rotd0_sbf_00000073",
            "Never_rotd0_sbf_00000074",
            "Never_rotd0_sbf_00000075",
            "Never_rotd0_sbf_00000076",
            "Never_rotd0_sbf_00000077",
            "Never_rotd0_sbf_00000078",
            "Never_rotd0_sbf_00000079",
            "Never_rotd0_sbf_00000080",
            "Never_rotd0_sbf_00000081",
            "Never_rotd0_sbf_00000082",
            "Never_rotd0_sbf_00000083",
            "Never_rotd0_sbf_00000084",
            "Never_rotd0_sbf_00000085",
            "Never_rotd0_sbf_00000086",
            "Never_rotd0_sbf_00000087",
            "Never_rotd0_sbf_00000088",
            "Never_rotd0_sbf_00000089",
            "Never_rotd0_sbf_00000090",
            "Never_rotd0_sbf_00000091",
            "Never_rotd0_sbf_00000092",
            "Never_rotd0_sbf_00000093",
            "Never_rotd0_sbf_00000094",
            "Never_rotd0_sbf_00000095",
            "Never_rotd0_sbf_00000096",
            "Never_rotd0_sbf_00000097",
            "Never_rotd0_sbf_00000098",
            "Never_rotd0_sbf_00000099"
        ]
    }
}
// Exported from software by MACHINE_BUILDER on YouTube. Check out this video for more information : www.youtube.com/watch?v=LA852BJ5doA